{"cameraMode":{"drawMode":0,"name":"Shaded","section":"Shading Mode"},"sceneLighting":false,"audioPlay":false,"sceneViewState":{"showFog":true,"showMaterialUpdate":false,"showSkybox":false,"showFlares":true,"showImageEffects":true,"showParticleSystems":true},"in2DMode":false,"pivot":{"x":2.5,"y":0.07506385445594788,"z":4.539999485015869},"rotation":{"x":-0.07102055102586746,"y":0.9137251377105713,"z":-0.18218831717967988,"w":-0.3561875820159912},"size":0.7323246598243713,"orthographic":false}