{"cameraMode":{"drawMode":0,"name":"Shaded","section":"Shading Mode"},"sceneLighting":false,"audioPlay":false,"sceneViewState":{"showFog":true,"showMaterialUpdate":false,"showSkybox":false,"showFlares":true,"showImageEffects":true,"showParticleSystems":true},"in2DMode":false,"pivot":{"x":3.0300002098083498,"y":0.18698686361312867,"z":3.140000343322754},"rotation":{"x":-0.07102055102586746,"y":0.9137251377105713,"z":-0.18218831717967988,"w":-0.3561875820159912},"size":1.485587477684021,"orthographic":false}