{"cameraMode":{"drawMode":0,"name":"Shaded","section":"Shading Mode"},"sceneLighting":false,"audioPlay":false,"sceneViewState":{"showFog":true,"showMaterialUpdate":false,"showSkybox":false,"showFlares":true,"showImageEffects":true,"showParticleSystems":true},"in2DMode":false,"pivot":{"x":10.02820110321045,"y":0.4422301650047302,"z":-0.031561970710754397},"rotation":{"x":-0.07102055102586746,"y":0.9137251377105713,"z":-0.18218831717967988,"w":-0.3561875820159912},"size":2.4907965660095217,"orthographic":false}