{"cameraMode":{"drawMode":0,"name":"Shaded","section":"Shading Mode"},"sceneLighting":true,"audioPlay":false,"sceneViewState":{"showFog":true,"showMaterialUpdate":false,"showSkybox":true,"showFlares":true,"showImageEffects":true,"showParticleSystems":true},"in2DMode":false,"pivot":{"x":0.008999999612569809,"y":0.6899999976158142,"z":-2.572999954223633},"rotation":{"x":-0.010678131133317948,"y":-0.9893315434455872,"z":0.10457281023263931,"w":-0.10097111016511917},"size":3.3317787647247316,"orthographic":false}