{"cameraMode":{"drawMode":0,"name":"Shaded","section":"Shading Mode"},"sceneLighting":false,"audioPlay":false,"sceneViewState":{"showFog":true,"showMaterialUpdate":false,"showSkybox":false,"showFlares":true,"showImageEffects":true,"showParticleSystems":true},"in2DMode":false,"pivot":{"x":7.5784454345703129,"y":0.28799742460250857,"z":-0.00009641051292419434},"rotation":{"x":-0.07102055102586746,"y":0.9137251377105713,"z":-0.18218831717967988,"w":-0.3561875820159912},"size":2.064116954803467,"orthographic":false}