{"cameraMode":{"drawMode":0,"name":"Shaded","section":"Shading Mode"},"sceneLighting":false,"audioPlay":false,"sceneViewState":{"showFog":true,"showMaterialUpdate":false,"showSkybox":false,"showFlares":true,"showImageEffects":true,"showParticleSystems":true},"in2DMode":false,"pivot":{"x":2.059999942779541,"y":0.18021586537361146,"z":1.9700002670288087},"rotation":{"x":-0.07102055102586746,"y":0.9137251377105713,"z":-0.18218831717967988,"w":-0.3561875820159912},"size":1.221968412399292,"orthographic":false}